target,model,n_obs,n_regressors,r_squared,adj_r_squared,aic,bic,rmse,mae,regressors
Gold_ret,baseline_oil_soft_bigshock,2607,3,0.001410314604852747,0.00025942368814679817,7136.37031330639,7159.834134962124,0.9495387840709729,0.6728934140488183,oil_pos_lag1 | oil_large_pos_lag1 | oil_pos_x_large_lag1
High yield index_chg,baseline_oil_lags,2606,2,0.02441747355263446,0.023667890359052146,-6669.871354578012,-6652.274639304957,0.06721867932572363,0.045063441874237345,oil_pos_lag1 | oil_pos_lag2
S&P500_ret,baseline_oil_lags,2606,2,0.0016566922016159058,0.000889620893280596,6934.981590618819,6952.578305891873,0.9143791345427233,0.6162255090612945,oil_pos_lag1 | oil_pos_lag2
US 10-year Rate_chg,baseline_oil_soft_bigshock,2607,3,0.002953109472103921,0.0018039966516721906,-8294.97509485365,-8271.511273197915,0.04922384205880275,0.03712285337165378,oil_pos_lag1 | oil_large_pos_lag1 | oil_pos_x_large_lag1
