dependent_variable,best_model_name,best_pseudo_r_squared,aic,bic,n_obs
spx_vol,"spx_cross_asset_arma(2,2)",0.7268568930109076,11348.559664587621,11427.237157682772,9441
us10y_vol,"us10y_cross_asset_arma(2,2)",0.5200727405425158,-41378.38899273255,-41299.7114996374,9441
hy_vol,"hy_cross_asset_arma(2,1)",0.1708439006723086,-19141.50136975966,-19069.97531654641,9441
gold_vol,"gold_cross_asset_arma(2,1)",0.16819871996467495,19101.179733365716,19172.705786578965,9441
