variable,coef,std_err,t_stat,p_value
const,0.48106007833954784,0.01605552528910461,29.962275894267908,3.044795194179068e-197
brent_pos_ret,0.0011532423865365364,0.008605633464402004,0.1340101680262156,0.8933945340411635
oil_large_pos_shock,0.05805287033247088,0.053968325188124604,1.075684118973643,0.28206855229397076
gold_vol_lag1,0.15197262732915706,0.018796727455847075,8.085057767961791,6.213473851724675e-16
spx_vol,0.0320585043119006,0.02166957224138983,1.4794248799552883,0.13902679463317877
us10y_vol,0.2949011247179655,0.22673592317008576,1.300636972716254,0.19338274531505306
msci_vol,0.08895246930092841,0.023786942423505646,3.7395503683158484,0.00018434970791074052
