variable,coef,std_err,t_stat,p_value
const,0.013404230330329642,0.0024255909268416174,5.526171038157454,3.272950692403317e-08
brent_pos_ret,4.1982834574145664e-07,0.001385129950064729,0.0003030967207963682,0.9997581638097495
oil_large_pos_shock,0.006361213174110184,0.009713789974802668,0.6548641869559682,0.5125551999216853
hy_vol_lag1,0.19610282897085143,0.042428124647399736,4.622000868541095,3.800564225454216e-06
spx_vol,0.018382079154599152,0.0025127278660654036,7.315586937547294,2.562588063301557e-13
us10y_vol,0.12578786094121477,0.04293717164257377,2.9295795724116007,0.0033942089684954086
gold_vol,0.0029578639125001746,0.001331683880539116,2.2211456905994234,0.026341095224022688
