target,window,model,n_obs,n_regressors,r_squared,adj_r_squared,aic,bic,rmse,mae,regressors
GDP - Durable Goods Consumption_growth,FULL,M5_full,141,6,0.07674723968770014,0.03540756385282118,682.0459897281837,702.6873089608309,2.5857584706805263,1.6510967492115252,oil_pos | oil_large_shock | oil_pos_lag1 | oil_pos_lag2 | oil_pos_x_large | GDP - Durable Goods Consumption_growth_lag1
GDP - Goods Consumption_growth,FULL,M5_full,141,6,0.09135561076340071,0.05067004109609041,495.16244350271376,515.8037627353609,1.3328390169848112,0.8064695877601349,oil_pos | oil_large_shock | oil_pos_lag1 | oil_pos_lag2 | oil_pos_x_large | GDP - Goods Consumption_growth_lag1
GDP - Investment_growth,FULL,M1_baseline,141,2,0.006518507110933491,-0.007879775394705302,756.0503458945321,764.8966255656667,3.4584290923562313,2.344594556281784,oil_pos | GDP - Investment_growth_lag1
GDP - Non durable Goods_growth,FULL,M1_baseline,141,2,0.08873521458512601,0.07552847856462053,374.14847542296303,382.9947550940975,0.8927510774624698,0.5698538523632848,oil_pos | GDP - Non durable Goods_growth_lag1
GDP - Personal Consumption_growth,FULL,M2_large_shock,141,3,0.035473297777322,0.014352275100912859,453.9609674308283,465.756006992341,1.1764287155918116,0.525576404081824,oil_pos | oil_large_shock | GDP - Personal Consumption_growth_lag1
GDP - Service_growth,FULL,M1_baseline,141,2,0.017070341029587488,0.0028249836532046046,541.2217534094676,550.0680330806022,1.614476809092284,0.567029762031554,oil_pos | GDP - Service_growth_lag1
US GDP_growth,FULL,M1_baseline,141,2,0.010817041272951022,-0.0035189436361366955,434.350003577023,443.1962832481575,1.1052075116481332,0.5466411643625755,oil_pos | US GDP_growth_lag1
