variable,coef,std_err,t_stat,p_value
const,0.3599522384824161,0.028454753019159666,12.649986392081722,1.1189420132211978e-36
brent_pos_ret,-0.006608087681121418,0.010987327118371339,-0.6014281371556125,0.5475548626160093
oil_large_pos_shock,0.08724783777685519,0.05543336715582545,1.573922751825592,0.1155053092804955
spx_vol_lag1,0.2524349186693651,0.024895727854703866,10.139688228543573,3.682730478709657e-24
msci_vol,0.207852090222443,0.027883894844745797,7.454198611052676,9.041570828473193e-14
hy_vol,0.9446955361993933,0.23118594749086357,4.0863017257427705,4.383037136937863e-05
us10y_vol,0.3599040477782373,0.26271113982769057,1.3699611216117236,0.17069903822115784
