variable,coef,std_err,t_stat,p_value
const,0.0327051666496681,0.0009797728702875574,33.380355428773335,2.643342023986702e-244
brent_pos_ret,-0.0007469085541674182,0.0004931922076908674,-1.5144370541952685,0.1299150272779324
oil_large_pos_shock,0.00584660654011045,0.0028659060312561544,2.040055213376213,0.04134482677987763
us10y_vol_lag1,0.09844015223219789,0.0130000710341126,7.572278026319071,3.6673552082405585e-14
us2y_vol,0.06428628308371,0.013224497662017068,4.861151230594624,1.1670505101678432e-06
spx_vol,0.004364505936539741,0.0009435426046735046,4.625658571135744,3.7340999115297197e-06
hy_vol,0.024479486358934533,0.006406041214611109,3.821312654545668,0.00013274323484997782
